What is the primary function of Business Process Automation (BPA)?,"Automating entire workflows across different organizational processes (e.g., streamlining end-to-end HR hiring and onboarding)."
How does Robotic Process Automation (RPA) differ from Business Process Automation (BPA)?,"RPA focuses on automating specific, individual tasks within a process—often using low-code, UI-based tools or automated software bots."
"What distinguishes AI-driven automation from traditional, deterministic automation?","Deterministic automation simply executes fixed tasks, whereas AI analyzes data to influence and optimize the outcome itself."
What is the core definition of hyperautomation?,The integration of AI into traditional automation tools to accelerate and optimize complex digital business processes.
Which global event significantly accelerated the adoption of hyperautomation across industries?,"The COVID-19 pandemic, due to rapid shifts toward remote work and changing operational demands."
"In the hyperautomation progression, what business outcome is associated with Stage 1: Order processing?","Standardized, high-frequency task execution and basic transaction handling."
"In the hyperautomation progression, what business outcome is associated with Stage 2: Repetitive tasks?","Immediate cost savings and time reduction through basic task automation (e.g., UI scrapers)."
"In the hyperautomation progression, what business outcome is associated with Stage 3: Interactive processes?",Streamlined user engagement and simplified communication via conversational interfaces.
"In the hyperautomation progression, what business outcome is associated with Stage 4: Decision-based activities?",Enhanced decision quality and dynamic evaluation using AI insights rather than rigid rules.
"In the hyperautomation progression, what business outcome is associated with Stage 5: Optimisation?","Strategic value creation, new business opportunities, and continuous process refinement."
"According to Gartner's spectrum, how do outcomes change as organizations deploy more intelligent bots?","Outcomes become less direct and quantifiable, shifting focus toward strategic opportunities and innovation."
How do social media platforms and fake news bots interact to manipulate public opinion?,"Bots circulate targeted, emotionally provocative content that triggers algorithm-driven engagement, maximizing user exposure and ad revenue."
What critical automation flaw led to the grounding of the Boeing 737 Max aircraft?,An automated flight-control system override that forced the plane's nose downward when it should have been ascending.
What primary operational failure characterized the Australian 'RoboDebt' system?,Flawed automated income-averaging algorithms that incorrectly calculated and issued unlawful welfare debt assessments.
How does Optical Character Recognition (OCR) enhance Robotic Process Automation?,"It converts physical or image-based documents (like invoices) into digital text, eliminating manual transcription."
What is the primary operational purpose of continuous integration and continuous delivery (CI/CD) pipelines?,"To automate the software development process, building and deploying code automatically upon commit."
What is the fundamental purpose of a conversational system?,To fulfill a function or business process by interacting with humans through natural spoken or written language.
"According to Zendesk, what defines Conversational User Experience (UX)?","Incorporating chat, voice, or other interactive technologies to mimic natural human conversation."
How does user interaction shift when moving from Traditional UX to Conversational UX?,"Users replace manual UI navigation and form-filling with a natural dialog, allowing a bot to perform tasks on their behalf."
How does Conversational UX improve system accessibility?,It eliminates the need for specialized technical training by relying on everyday natural language skills.
What was Alan Turing's perspective on whether machines can think?,"He considered the literal question 'Can machines think?' to be too meaningless for discussion, proposing the Imitation Game instead."
"In Alan Turing's Imitation Game setup shown below: Diagram showing a human questioner in the middle, communicating with a computer respondent on the left and a human respondent on the right. How is machine intelligence evaluated?",A computer is deemed intelligent if the human questioner cannot distinguish its responses from those of the human respondent.
What milestone did the chatbot Eugene Goostman achieve in 2014?,It successfully passed the Turing Test by simulating a 13-year-old Ukrainian boy.
"Based on the taxonomy of dialog systems: Taxonomy tree of dialog systems dividing into Conversational agents and IVR, with Conversational agents branching into Text based, Voice-based, and Embodied agents. What are the two major main branches under Dialog Systems?","1. Conversational Agents
2. Interactive Voice Response (IVR) Systems"
"According to the taxonomy of conversational systems, into what two forms are 'Embodied Agents' subdivided?","1. Graphically embodied agents
2. Physically embodied agents"
How does Oracle define a chatbot at its most basic level?,"A computer program that simulates and processes human conversation (written or spoken), allowing interaction with digital devices as if communicating with a real person."
How does IBM define a chatbot?,A computer program using AI and Natural Language Processing (NLP) to understand customer questions and automate responses.
What are the four iterative stages in the software engineering process for building a chatbot?,"1. Design
2. Build
3. Deploy
4. Evaluate"
What is the primary role of user personas when designing an automated chatbot?,"To represent specific user groups, capturing their actions, motivations, pain points, and context to tailor the interaction."
"As shown in the ideal user persona framework: Mindmap showing 'The ideal user persona' connected to: Focused on the present, Context-specific, Unique, Use real data, and Avoid biases. What five traits define an ideal user persona?","1. Unique
2. Use real data
3. Avoid biases
4. Context-specific
5. Focused on the present"
What is the function of Service Discovery in the chatbot development lifecycle?,Aligning identified user story requirements with actual business services and determining whether to build custom components or purchase third-party services.
"In Language Understanding (LU), what is an 'Utterance'?",The raw input text or spoken phrasing provided directly by the user.
"In Language Understanding (LU), what is an 'Intent'?","The underlying category, goal, or classification of what the user wants to accomplish."
"In Language Understanding (LU), what is an 'Entity'?","A specific object or piece of data extracted from an utterance, such as dates, locations, quantities, or names."
What is the primary role of a 'Recognizer' in conversational dialog architecture?,To parse incoming messages and extract the primary intent and entity values to pass to dialog triggers.
"Referring to the architecture of an adaptive dialog: Diagram displaying Adaptive dialog architecture containing LU-Recognizer, Triggers, Actions, LG-Generator, and Memory. What is the purpose of 'Triggers'?",Triggers initiate a dialog step based on set conditions when a user or system event/intent occurs.
"In adaptive dialog architecture, what is the responsibility of the Language Generator (LG - Generator)?","Constructing the chatbot's outgoing response to the user, including direct text answers, follow-up questions, or visual cards."
What information is maintained in a chatbot's 'Memory' component during runtime?,"Properties and variables scoped to the user, overall conversation, active dialog, or current turn."
Why is response variation (response collections) important in conversational UX design?,"It prevents the bot from sounding mechanical or repetitive, making interactions feel more natural and human-like."
Why are deliberate pauses integrated into conversational UX design?,"To simulate natural human typing and pacing, preventing users from feeling overwhelmed by instant wall-of-text dumps."
What is the recommended message length for individual chatbot conversational turns?,"Concise and brief, typically restricted to 1 or 2 lines per bubble."
What three core user elements are framed using a 'User Story' template?,"1. WHO (the persona/user role)
2. WHAT (the requested action/capability)
3. WHY (the desired benefit or goal)"
What tool or methodology is typically used to prioritize and map user stories into development backlogs?,Agile User Story Mapping (using boards such as JIRA).
"In automated facilities management, what is the role of BMS and PID controllers?","Building Management Systems (BMS) and Proportional-Integral-Derivative (PID) controllers automatically manage energy, heating, cooling, and electricity usage."
"In an adaptive dialog framework, what are 'Actions'?","The step-by-step instructions telling the bot how to respond when a trigger condition is met (e.g., open welcome dialog, prompt user)."
What key benefit does conversational UX provide regarding user intuition?,"It allows users to interact naturally without learning complex navigation, making software intuitive even for young children or non-technical users."
"In hyperautomation, why are human operators still required alongside AI systems?","To handle unique, highly complex, non-standard tasks that require human judgement, ethics, or emotional reasoning."
What is the primary objective of scripting conversation flows prior to technical build?,"To chart and plan for all prospective user interaction paths, fallback options, and information exchanges."
"In an utterance such as 'Book a flight to Seattle on Sept 15 for 2 adults', what is the entity 'Seattle'?",A destination location entity extracted from the user input.
"In an utterance such as 'Book a flight to Seattle on Sept 15 for 2 adults', what is the core intent?",Flight Reservation (or Booking a Flight).